<?xml version="1.0" encoding="utf-8"?>
<!DOCTYPE hibernate-mapping PUBLIC "-//Hibernate/Hibernate Mapping DTD 3.0//EN"
"http://hibernate.sourceforge.net/hibernate-mapping-3.0.dtd">
<!-- 
    Mapping file autogenerated by MyEclipse Persistence Tools
-->
<hibernate-mapping>
    <class name="com.ORM.Cart" table="cart" catalog="db_eshop">
        <id name="id" type="java.lang.Integer">
            <column name="ID" />
            <generator class="identity" />
        </id>
        <property name="money" type="java.lang.Double">
            <column name="Money" precision="9" />
        </property>
        <property name="cartStatus" type="java.lang.Integer">
            <column name="CartStatus" />
        </property>
        
        <!--映射Cart到Member的多对一单向关联-->
        <many-to-one name="member"
        			 column="Member"
        			 class="com.ORM.Member"
        			 lazy="false"
        			 not-null="true"/>  
        			 
		<!--映射Cart到Merchandise的多对多单向关联-->	
		<set name="merchandises"
			 table="Cartselectedmer"
			 lazy="true"
			 cascade="save-update">
			 <key column="Cart"/>
			 <many-to-many class="com.ORM.Merchandise" column="Merchandise"/>
		</set>	        			        
    </class>
</hibernate-mapping>
