<?xml version="1.0" encoding="utf-8"?>
<!DOCTYPE hibernate-mapping PUBLIC "-//Hibernate/Hibernate Mapping DTD 3.0//EN"
"http://hibernate.sourceforge.net/hibernate-mapping-3.0.dtd">
<!-- 
    Mapping file autogenerated by MyEclipse Persistence Tools
-->
<hibernate-mapping>
    <class name="com.ORM.Leaveword" table="leaveword" catalog="db_eshop">
        <id name="id" type="java.lang.Integer">
            <column name="ID" />
            <generator class="identity" />
        </id>
        <property name="title" type="java.lang.String">
            <column name="Title" length="60" />
        </property>
        <property name="content" type="java.lang.String">
            <column name="Content" length="65535" />
        </property>
        <property name="leaveDate" type="java.util.Date">
            <column name="LeaveDate" length="19" />
        </property>
        <property name="answerContent" type="java.lang.String">
            <column name="AnswerContent" length="65535" />
        </property>
        <property name="answerDate" type="java.util.Date">
            <column name="AnswerDate" length="19" />
        </property>
        
        <!--映射Leaveword到Member的多对一单向关联-->
        <many-to-one name="member"
        			 column="Member"
        			 class="com.ORM.Member"
        			 lazy="false"
        			 not-null="true"/>  
        			 
        <!--映射Leaveword到Admin的多对一单向关联-->
        <many-to-one name="admin"
        			 column="Admin"
        			 class="com.ORM.Admin"
        			 lazy="false"/>        			        
    </class>
</hibernate-mapping>
